{
  "episode": [
    1,
    51,
    101,
    151,
    201,
    251,
    301,
    351,
    401,
    451,
    501,
    551,
    601,
    651,
    701,
    751,
    801,
    851,
    901,
    951,
    1000,
    1001,
    1051,
    1101,
    1151,
    1201,
    1251,
    1301,
    1351,
    1401,
    1451,
    1501,
    1551,
    1601,
    1651,
    1701,
    1751,
    1801,
    1851,
    1901,
    1951,
    2001,
    2051,
    2101,
    2151,
    2201,
    2251,
    2301,
    2351,
    2401,
    2451,
    2500,
    2501,
    2551,
    2601,
    2651,
    2701,
    2751
  ],
  "step": [],
  "timestamp": [],
  "win_rate": [
    0.0,
    0.0,
    0.0,
    0.0,
    0.0,
    0.0,
    0.0,
    0.0,
    0.0,
    0.0,
    0.0,
    0.0,
    0.0,
    0.0,
    0.0,
    0.0,
    0.0,
    0.0,
    0.0,
    0.0,
    0.0,
    0.0,
    0.0,
    0.0,
    0.0,
    0.0,
    0.0,
    0.0,
    0.0,
    0.0,
    0.0,
    0.0,
    0.0,
    0.0,
    0.0,
    0.0,
    0.0,
    0.0,
    0.0,
    0.0,
    0.0,
    0.0,
    0.0,
    0.0,
    0.0,
    0.0,
    0.0,
    0.0,
    0.0,
    0.0,
    0.0,
    0.0,
    0.0,
    0.0,
    0.0,
    0.0,
    0.0,
    0.0
  ],
  "score": [],
  "flag_captures": [],
  "tags": [],
  "deaths": [],
  "option_usage": {},
  "option_success": {},
  "episode_length": [
    29.0,
    30.235294117647058,
    30.68,
    30.59,
    30.14,
    31.9,
    32.03,
    30.55,
    30.35,
    30.39,
    30.3,
    30.17,
    30.3,
    30.3,
    30.48,
    30.33,
    30.21,
    30.23,
    30.32,
    30.14,
    29.92,
    29.94,
    29.59,
    29.26,
    29.66,
    29.42,
    29.22,
    29.47,
    29.44,
    29.47,
    29.5,
    29.3,
    29.53,
    29.8,
    29.33,
    29.23,
    29.31,
    29.22,
    29.39,
    29.48,
    29.18,
    29.09,
    29.36,
    29.1,
    28.81,
    29.12,
    29.48,
    29.66,
    29.82,
    29.5,
    29.1,
    29.2,
    29.23,
    29.81,
    30.66,
    31.06,
    30.61,
    30.26
  ],
  "rewards": [],
  "q_values": [],
  "advantages": [],
  "stage": [
    0,
    0,
    0,
    0,
    0,
    0,
    0,
    0,
    0,
    0,
    0,
    0,
    0,
    0,
    0,
    0,
    0,
    0,
    0,
    0,
    0,
    1,
    1,
    1,
    1,
    1,
    1,
    1,
    1,
    1,
    1,
    1,
    1,
    1,
    1,
    1,
    1,
    1,
    1,
    1,
    1,
    1,
    1,
    1,
    1,
    1,
    1,
    1,
    1,
    1,
    1,
    1,
    2,
    2,
    2,
    2,
    2,
    2
  ],
  "avg_reward": [
    233.43789591478705,
    222.70357843547947,
    229.48053792120524,
    227.695476206415,
    219.5515326237173,
    248.72515237541134,
    250.21817176125026,
    223.24707365421875,
    221.9513356597133,
    222.7012094815337,
    222.06687697135078,
    221.70901953387073,
    221.9111482723919,
    222.10314300520935,
    223.65363403174447,
    222.57054867213165,
    222.91232225822682,
    222.9694117745879,
    223.52571919387586,
    222.14178433820126,
    219.77624436516632,
    220.20865400776177,
    226.0365816433106,
    232.07505632979246,
    238.41298934042095,
    235.89553191566375,
    232.74041851252346,
    235.99554391097678,
    234.3768806018282,
    234.31195575880895,
    234.64251145155674,
    232.83164828832932,
    234.06656260447812,
    237.4546508399324,
    233.18188236309027,
    231.27338239713862,
    232.80421955195794,
    232.8273555947922,
    235.23060448324068,
    235.0035471433916,
    230.60185630404808,
    229.03371783521862,
    231.7197811126371,
    231.5471930597768,
    230.25445782180213,
    232.5720364211176,
    234.72953941629692,
    234.89548308916918,
    236.00465910060208,
    233.6144715822877,
    230.8731972144298,
    232.36244241316206,
    232.48572376252704,
    233.42807705529455,
    238.22987984686006,
    243.04886722085982,
    239.09203438170815,
    235.5803844143919
  ],
  "avg_score": [
    3.0,
    3.0,
    3.0,
    3.0,
    3.0,
    2.99,
    2.99,
    3.0,
    3.0,
    3.0,
    3.0,
    3.0,
    3.0,
    3.0,
    3.0,
    3.0,
    3.0,
    3.0,
    3.0,
    3.0,
    3.0,
    3.0,
    3.0,
    3.0,
    3.0,
    3.0,
    3.0,
    3.0,
    3.0,
    3.0,
    3.0,
    3.0,
    3.0,
    3.0,
    3.0,
    3.0,
    3.0,
    3.0,
    3.0,
    3.0,
    3.0,
    3.0,
    3.0,
    3.0,
    3.0,
    3.0,
    3.0,
    3.0,
    3.0,
    3.0,
    3.0,
    3.0,
    3.0,
    3.0,
    3.0,
    3.0,
    3.0,
    3.0
  ]
}