{
  "episode": [
    1,
    51,
    101,
    151,
    201,
    251
  ],
  "step": [],
  "timestamp": [],
  "win_rate": [
    0.0,
    0.0,
    0.0,
    0.0,
    0.0,
    0.0
  ],
  "score": [],
  "flag_captures": [],
  "tags": [],
  "deaths": [],
  "option_usage": {},
  "option_success": {},
  "episode_length": [
    29.0,
    30.235294117647058,
    30.68,
    30.59,
    30.14,
    31.9
  ],
  "rewards": [],
  "q_values": [],
  "advantages": [],
  "stage": [
    0,
    0,
    0,
    0,
    0,
    0
  ],
  "avg_reward": [
    233.43789591478705,
    222.70357843547947,
    229.48053792120524,
    227.695476206415,
    219.5515326237173,
    248.72515237541134
  ],
  "avg_score": [
    3.0,
    3.0,
    3.0,
    3.0,
    3.0,
    2.99
  ]
}