{
  "episode": [
    1,
    51,
    101,
    151,
    201,
    251,
    301,
    351,
    401,
    451,
    501,
    551,
    601,
    651,
    701,
    751,
    801,
    851,
    901,
    951,
    1000,
    1001,
    1051,
    1101,
    1151,
    1201,
    1251
  ],
  "step": [],
  "timestamp": [],
  "win_rate": [
    0.0,
    0.0,
    0.0,
    0.0,
    0.0,
    0.0,
    0.0,
    0.0,
    0.0,
    0.0,
    0.0,
    0.0,
    0.0,
    0.0,
    0.0,
    0.0,
    0.0,
    0.0,
    0.0,
    0.0,
    0.0,
    0.0,
    0.0,
    0.0,
    0.0,
    0.0,
    0.0
  ],
  "score": [],
  "flag_captures": [],
  "tags": [],
  "deaths": [],
  "option_usage": {},
  "option_success": {},
  "episode_length": [
    29.0,
    30.235294117647058,
    30.68,
    30.59,
    30.14,
    31.9,
    32.03,
    30.55,
    30.35,
    30.39,
    30.3,
    30.17,
    30.3,
    30.3,
    30.48,
    30.33,
    30.21,
    30.23,
    30.32,
    30.14,
    29.92,
    29.94,
    29.59,
    29.26,
    29.66,
    29.42,
    29.22
  ],
  "rewards": [],
  "q_values": [],
  "advantages": [],
  "stage": [
    0,
    0,
    0,
    0,
    0,
    0,
    0,
    0,
    0,
    0,
    0,
    0,
    0,
    0,
    0,
    0,
    0,
    0,
    0,
    0,
    0,
    1,
    1,
    1,
    1,
    1,
    1
  ],
  "avg_reward": [
    233.43789591478705,
    222.70357843547947,
    229.48053792120524,
    227.695476206415,
    219.5515326237173,
    248.72515237541134,
    250.21817176125026,
    223.24707365421875,
    221.9513356597133,
    222.7012094815337,
    222.06687697135078,
    221.70901953387073,
    221.9111482723919,
    222.10314300520935,
    223.65363403174447,
    222.57054867213165,
    222.91232225822682,
    222.9694117745879,
    223.52571919387586,
    222.14178433820126,
    219.77624436516632,
    220.20865400776177,
    226.0365816433106,
    232.07505632979246,
    238.41298934042095,
    235.89553191566375,
    232.74041851252346
  ],
  "avg_score": [
    3.0,
    3.0,
    3.0,
    3.0,
    3.0,
    2.99,
    2.99,
    3.0,
    3.0,
    3.0,
    3.0,
    3.0,
    3.0,
    3.0,
    3.0,
    3.0,
    3.0,
    3.0,
    3.0,
    3.0,
    3.0,
    3.0,
    3.0,
    3.0,
    3.0,
    3.0,
    3.0
  ]
}