{
  "episode": [
    1,
    11,
    21,
    31,
    41,
    51,
    61,
    71,
    81,
    91,
    101,
    111,
    121,
    131,
    141,
    151,
    161,
    171,
    181,
    191,
    201,
    211,
    221,
    231,
    241,
    251,
    261,
    271,
    281,
    291,
    301,
    311,
    321,
    331,
    341,
    351
  ],
  "step": [],
  "timestamp": [],
  "win_rate": [
    0.0,
    0.0,
    0.0,
    0.0,
    0.0,
    0.0,
    0.0,
    0.0,
    0.0,
    0.0,
    0.0,
    0.0,
    0.0,
    0.0,
    0.0,
    0.0,
    0.0,
    0.0,
    0.0,
    0.0,
    0.0,
    0.0,
    0.0,
    0.0,
    0.0,
    0.0,
    0.0,
    0.0,
    0.0,
    0.0,
    0.0,
    0.0,
    0.0,
    0.0,
    0.0,
    0.0
  ],
  "score": [],
  "flag_captures": [],
  "tags": [],
  "deaths": [],
  "option_usage": {},
  "option_success": {},
  "episode_length": [
    500.0,
    500.0,
    500.0,
    500.0,
    500.0,
    500.0,
    500.0,
    500.0,
    500.0,
    500.0,
    500.0,
    500.0,
    500.0,
    500.0,
    500.0,
    500.0,
    500.0,
    500.0,
    500.0,
    500.0,
    500.0,
    500.0,
    500.0,
    500.0,
    500.0,
    500.0,
    500.0,
    500.0,
    500.0,
    500.0,
    500.0,
    500.0,
    500.0,
    500.0,
    500.0,
    500.0
  ],
  "rewards": [],
  "q_values": [],
  "advantages": [],
  "stage": [
    3,
    3,
    3,
    3,
    3,
    3,
    3,
    3,
    3,
    3,
    3,
    3,
    3,
    3,
    3,
    3,
    3,
    3,
    3,
    3,
    3,
    3,
    3,
    3,
    3,
    3,
    3,
    3,
    3,
    3,
    3,
    3,
    3,
    3,
    3,
    3
  ],
  "avg_reward": [
    188.9887791833167,
    104.75619168751078,
    92.4212385532338,
    80.22010966250426,
    77.64454289265323,
    71.49156584035654,
    69.16322959464812,
    66.46720149436094,
    66.38504537295579,
    64.89825535377341,
    62.41152394119209,
    71.78043841261861,
    69.49029225804355,
    84.40900805507832,
    84.41464800529755,
    87.82196287960653,
    87.14347473581977,
    88.3310715349253,
    89.64281440954166,
    88.73612457995067,
    91.94796995552255,
    86.18631464590321,
    85.7188919256346,
    71.24866809188775,
    72.81576988612744,
    72.13886414012467,
    73.02221133419751,
    73.91051616366974,
    73.61577472477164,
    73.61427599098843,
    71.62238460761279,
    65.51240637093491,
    67.24609468904909,
    68.72077175369354,
    65.68781756866942,
    63.567622758105344
  ],
  "avg_score": [
    0.0,
    0.0,
    0.0,
    0.0,
    0.0,
    0.0,
    0.0,
    0.0,
    0.0,
    0.0,
    0.0,
    0.0,
    0.0,
    0.0,
    0.0,
    0.0,
    0.0,
    0.0,
    0.0,
    0.0,
    0.0,
    0.0,
    0.0,
    0.0,
    0.0,
    0.0,
    0.0,
    0.0,
    0.0,
    0.0,
    0.0,
    0.0,
    0.0,
    0.0,
    0.0,
    0.0
  ]
}