{
  "episode": [
    1,
    11,
    21,
    31,
    41,
    51,
    61,
    71,
    81,
    91,
    101
  ],
  "step": [],
  "timestamp": [],
  "win_rate": [
    0.0,
    0.0,
    0.0,
    0.0,
    0.0,
    0.0,
    0.0,
    0.0,
    0.0,
    0.0,
    0.0
  ],
  "score": [],
  "flag_captures": [],
  "tags": [],
  "deaths": [],
  "option_usage": {},
  "option_success": {},
  "episode_length": [
    500.0,
    500.0,
    500.0,
    500.0,
    500.0,
    500.0,
    500.0,
    500.0,
    500.0,
    500.0,
    500.0
  ],
  "rewards": [],
  "q_values": [],
  "advantages": [],
  "stage": [
    3,
    3,
    3,
    3,
    3,
    3,
    3,
    3,
    3,
    3,
    3
  ],
  "avg_reward": [
    188.9887791833167,
    104.75619168751078,
    92.4212385532338,
    80.22010966250426,
    77.64454289265323,
    71.49156584035654,
    69.16322959464812,
    66.46720149436094,
    66.38504537295579,
    64.89825535377341,
    62.41152394119209
  ],
  "avg_score": [
    0.0,
    0.0,
    0.0,
    0.0,
    0.0,
    0.0,
    0.0,
    0.0,
    0.0,
    0.0,
    0.0
  ]
}