{
  "episode": [
    1,
    51,
    101,
    151,
    201,
    251,
    301,
    351,
    401,
    451,
    501
  ],
  "step": [],
  "timestamp": [],
  "win_rate": [
    0.0,
    0.0,
    0.0,
    0.0,
    0.0,
    0.0,
    0.0,
    0.0,
    0.0,
    0.0,
    0.0
  ],
  "score": [],
  "flag_captures": [],
  "tags": [],
  "deaths": [],
  "option_usage": {},
  "option_success": {},
  "episode_length": [
    31.0,
    30.705882352941178,
    30.38,
    30.17,
    30.16,
    30.24,
    30.38,
    30.42,
    30.65,
    30.56,
    30.33
  ],
  "rewards": [],
  "q_values": [],
  "advantages": [],
  "stage": [
    0,
    0,
    0,
    0,
    0,
    0,
    0,
    0,
    0,
    0,
    0
  ],
  "avg_reward": [
    241.75445075083192,
    223.78918350503614,
    222.71452249201226,
    222.3861585154612,
    222.50087256435515,
    222.38880692663108,
    221.2844869141476,
    222.36384632149148,
    224.889017924222,
    223.00479935424698,
    221.61727869778494
  ],
  "avg_score": [
    3.0,
    3.0,
    3.0,
    3.0,
    3.0,
    3.0,
    3.0,
    3.0,
    3.0,
    3.0,
    3.0
  ]
}