{
  "episode": [
    1,
    51,
    101,
    151,
    201,
    251
  ],
  "step": [],
  "timestamp": [],
  "win_rate": [
    0.0,
    0.0,
    0.0,
    0.0,
    0.0,
    0.0
  ],
  "score": [],
  "flag_captures": [],
  "tags": [],
  "deaths": [],
  "option_usage": {},
  "option_success": {},
  "episode_length": [
    31.0,
    30.705882352941178,
    30.38,
    30.17,
    30.16,
    30.24
  ],
  "rewards": [],
  "q_values": [],
  "advantages": [],
  "stage": [
    0,
    0,
    0,
    0,
    0,
    0
  ],
  "avg_reward": [
    241.75445075083192,
    223.78918350503614,
    222.71452249201226,
    222.3861585154612,
    222.50087256435515,
    222.38880692663108
  ],
  "avg_score": [
    3.0,
    3.0,
    3.0,
    3.0,
    3.0,
    3.0
  ]
}