{
  "episode": [
    1,
    51,
    101,
    151,
    201,
    251,
    301,
    351,
    401,
    451,
    501,
    551,
    601,
    651,
    701,
    751,
    801,
    851,
    901,
    951,
    1000,
    1001,
    1051,
    1101,
    1151,
    1201,
    1251,
    1301,
    1351,
    1401,
    1451,
    1501,
    1551,
    1601,
    1651,
    1701,
    1751
  ],
  "step": [],
  "timestamp": [],
  "win_rate": [
    0.0,
    0.0,
    0.0,
    0.0,
    0.0,
    0.0,
    0.0,
    0.0,
    0.0,
    0.0,
    0.0,
    0.0,
    0.0,
    0.0,
    0.0,
    0.0,
    0.0,
    0.0,
    0.0,
    0.0,
    0.0,
    0.0,
    0.0,
    0.0,
    0.0,
    0.0,
    0.0,
    0.0,
    0.0,
    0.0,
    0.0,
    0.0,
    0.0,
    0.0,
    0.0,
    0.0,
    0.0
  ],
  "score": [],
  "flag_captures": [],
  "tags": [],
  "deaths": [],
  "option_usage": {},
  "option_success": {},
  "episode_length": [
    31.0,
    30.705882352941178,
    30.38,
    30.17,
    30.16,
    30.24,
    30.38,
    30.42,
    30.65,
    30.56,
    30.33,
    30.12,
    30.23,
    30.45,
    31.75,
    31.8,
    30.23,
    30.24,
    30.39,
    30.35,
    30.28,
    30.26,
    29.82,
    29.4,
    29.69,
    29.83,
    29.67,
    29.45,
    29.22,
    29.37,
    29.07,
    29.08,
    29.58,
    29.5,
    29.29,
    29.42,
    29.41
  ],
  "rewards": [],
  "q_values": [],
  "advantages": [],
  "stage": [
    0,
    0,
    0,
    0,
    0,
    0,
    0,
    0,
    0,
    0,
    0,
    0,
    0,
    0,
    0,
    0,
    0,
    0,
    0,
    0,
    0,
    1,
    1,
    1,
    1,
    1,
    1,
    1,
    1,
    1,
    1,
    1,
    1,
    1,
    1,
    1,
    1
  ],
  "avg_reward": [
    241.75445075083192,
    223.78918350503614,
    222.71452249201226,
    222.3861585154612,
    222.50087256435515,
    222.38880692663108,
    221.2844869141476,
    222.36384632149148,
    224.889017924222,
    223.00479935424698,
    221.61727869778494,
    220.0848553948285,
    222.12222196877596,
    224.7124335006748,
    246.39351456971443,
    246.7920240933606,
    222.25616637160147,
    222.5916184031747,
    223.35446246734926,
    222.7542640663434,
    222.809273524714,
    222.8957811086419,
    229.2248895988754,
    234.52904296755375,
    240.0351075278442,
    240.58383021674422,
    237.03765919562522,
    236.73617858973682,
    233.05117406695038,
    234.2745806768142,
    232.1269564680467,
    230.5560778443086,
    233.99826884618176,
    234.50114480141258,
    232.81670421841937,
    232.33228915782746,
    231.53136900027414
  ],
  "avg_score": [
    3.0,
    3.0,
    3.0,
    3.0,
    3.0,
    3.0,
    3.0,
    3.0,
    3.0,
    3.0,
    3.0,
    3.0,
    3.0,
    3.0,
    2.99,
    2.99,
    3.0,
    3.0,
    3.0,
    3.0,
    3.0,
    3.0,
    3.0,
    3.0,
    3.0,
    3.0,
    3.0,
    3.0,
    3.0,
    3.0,
    3.0,
    3.0,
    3.0,
    3.0,
    3.0,
    3.0,
    3.0
  ]
}