{
  "episode": [
    1,
    101,
    201,
    301,
    401,
    501
  ],
  "step": [],
  "timestamp": [],
  "win_rate": [
    0.0,
    0.0,
    0.0,
    0.0,
    0.0,
    0.0
  ],
  "score": [],
  "flag_captures": [],
  "tags": [],
  "deaths": [],
  "option_usage": {},
  "option_success": {},
  "episode_length": [
    500.0,
    500.0,
    500.0,
    500.0,
    500.0,
    500.0
  ],
  "rewards": [],
  "q_values": [],
  "advantages": [],
  "stage": [
    3,
    3,
    3,
    3,
    3,
    3
  ],
  "avg_reward": [
    97.58481269602845,
    136.86268461488228,
    143.1842136599034,
    98.59208528441005,
    85.41684905602078,
    160.53647612705885
  ],
  "avg_score": [
    0.0,
    0.0,
    0.0,
    0.01,
    0.0,
    0.01
  ]
}