{
  "episode": [
    1,
    21,
    41,
    61,
    81,
    101,
    121,
    141,
    161,
    181,
    201,
    221,
    241,
    261,
    281,
    301,
    321,
    341,
    361,
    381,
    400,
    401,
    421,
    441,
    461,
    481,
    501,
    521,
    541,
    561,
    581,
    601,
    621,
    641,
    661,
    681,
    701,
    721,
    741,
    761,
    781,
    801,
    821,
    841,
    861,
    881,
    901,
    921,
    941,
    961,
    981,
    1000,
    1001
  ],
  "step": [],
  "timestamp": [],
  "win_rate": [
    0.0,
    0.0,
    0.0,
    0.0,
    0.0,
    0.0,
    0.0,
    0.0,
    0.0,
    0.0,
    0.0,
    0.0,
    0.0,
    0.0,
    0.0,
    0.0,
    0.0,
    0.0,
    0.0,
    0.0,
    0.0,
    0.0,
    0.0,
    0.0,
    0.0,
    0.0,
    0.0,
    0.0,
    0.0,
    0.0,
    0.0,
    0.0,
    0.0,
    0.0,
    0.0,
    0.0,
    0.0,
    0.0,
    0.0,
    0.0,
    0.0,
    0.0,
    0.0,
    0.0,
    0.0,
    0.0,
    0.0,
    0.0,
    0.0,
    0.0,
    0.0,
    0.0,
    0.0
  ],
  "score": [],
  "flag_captures": [],
  "tags": [],
  "deaths": [],
  "option_usage": {},
  "option_success": {},
  "episode_length": [
    500.0,
    500.0,
    500.0,
    500.0,
    500.0,
    500.0,
    500.0,
    500.0,
    500.0,
    500.0,
    500.0,
    500.0,
    500.0,
    500.0,
    500.0,
    500.0,
    500.0,
    500.0,
    500.0,
    500.0,
    500.0,
    500.0,
    500.0,
    500.0,
    500.0,
    500.0,
    500.0,
    500.0,
    500.0,
    500.0,
    500.0,
    500.0,
    500.0,
    500.0,
    500.0,
    500.0,
    500.0,
    500.0,
    500.0,
    500.0,
    500.0,
    500.0,
    500.0,
    500.0,
    500.0,
    500.0,
    500.0,
    500.0,
    500.0,
    500.0,
    500.0,
    500.0,
    500.0
  ],
  "rewards": [],
  "q_values": [],
  "advantages": [],
  "stage": [
    3,
    3,
    3,
    3,
    3,
    3,
    3,
    3,
    3,
    3,
    3,
    3,
    3,
    3,
    3,
    3,
    3,
    3,
    3,
    3,
    3,
    3,
    3,
    3,
    3,
    3,
    3,
    3,
    3,
    3,
    3,
    3,
    3,
    3,
    3,
    3,
    3,
    3,
    3,
    3,
    3,
    3,
    3,
    3,
    3,
    3,
    3,
    3,
    3,
    3,
    3,
    3,
    3
  ],
  "avg_reward": [
    209.64736088782297,
    320.72407138515695,
    295.16749875339906,
    284.5395209494538,
    301.05361142999294,
    297.10528096109635,
    300.7322099439005,
    284.79775095063246,
    283.8719492807866,
    265.09797376260184,
    262.1484635432321,
    227.26298763098305,
    222.42756290303373,
    207.80626458630243,
    193.22895349769556,
    174.44469625140377,
    177.63094435408158,
    192.40661553333794,
    185.7966014455513,
    193.23798157778003,
    179.86518810522978,
    180.3436014856887,
    162.80728743758814,
    133.54419950468377,
    121.94471219677585,
    94.18411141154506,
    90.1092353180311,
    93.86404515332059,
    96.2559452377422,
    100.10389441494559,
    93.6448674042598,
    89.26443225986752,
    80.56711450622736,
    71.48170884358555,
    61.58947994962772,
    64.17155989405377,
    64.65616391652426,
    65.3959463721835,
    65.55673606754367,
    66.36827555851822,
    62.33238814459114,
    64.58268653850581,
    62.77949489911729,
    66.99880916540774,
    62.444709773383465,
    63.903999866114056,
    58.737064711779176,
    55.630122507316216,
    52.62492122744075,
    55.605834686632534,
    54.131386779401474,
    52.50827384507751,
    52.789630261790556
  ],
  "avg_score": [
    0.0,
    0.047619047619047616,
    0.024390243902439025,
    0.01639344262295082,
    0.024691358024691357,
    0.02,
    0.01,
    0.01,
    0.02,
    0.01,
    0.01,
    0.01,
    0.01,
    0.0,
    0.0,
    0.0,
    0.0,
    0.0,
    0.0,
    0.0,
    0.0,
    0.0,
    0.0,
    0.0,
    0.0,
    0.0,
    0.0,
    0.0,
    0.0,
    0.0,
    0.0,
    0.0,
    0.0,
    0.0,
    0.0,
    0.0,
    0.0,
    0.0,
    0.0,
    0.0,
    0.0,
    0.0,
    0.0,
    0.0,
    0.0,
    0.0,
    0.0,
    0.0,
    0.0,
    0.0,
    0.0,
    0.0,
    0.0
  ]
}