{
  "episode": [
    1,
    21,
    41,
    61,
    81,
    101
  ],
  "step": [],
  "timestamp": [],
  "win_rate": [
    0.0,
    0.0,
    0.0,
    0.0,
    0.0,
    0.0
  ],
  "score": [],
  "flag_captures": [],
  "tags": [],
  "deaths": [],
  "option_usage": {},
  "option_success": {},
  "episode_length": [
    500.0,
    500.0,
    500.0,
    500.0,
    500.0,
    500.0
  ],
  "rewards": [],
  "q_values": [],
  "advantages": [],
  "stage": [
    3,
    3,
    3,
    3,
    3,
    3
  ],
  "avg_reward": [
    209.64736088782297,
    320.72407138515695,
    295.16749875339906,
    284.5395209494538,
    301.05361142999294,
    297.10528096109635
  ],
  "avg_score": [
    0.0,
    0.047619047619047616,
    0.024390243902439025,
    0.01639344262295082,
    0.024691358024691357,
    0.02
  ]
}