{
  "episode": [
    1,
    21,
    41,
    61,
    81,
    101,
    121,
    141,
    161,
    181,
    201,
    221,
    241,
    261,
    281,
    301,
    321,
    341,
    361,
    381,
    400,
    401,
    421,
    441,
    461,
    481,
    501
  ],
  "step": [],
  "timestamp": [],
  "win_rate": [
    0.0,
    0.0,
    0.0,
    0.0,
    0.0,
    0.0,
    0.0,
    0.0,
    0.0,
    0.0,
    0.0,
    0.0,
    0.0,
    0.0,
    0.0,
    0.0,
    0.0,
    0.0,
    0.0,
    0.0,
    0.0,
    0.0,
    0.0,
    0.0,
    0.0,
    0.0,
    0.0
  ],
  "score": [],
  "flag_captures": [],
  "tags": [],
  "deaths": [],
  "option_usage": {},
  "option_success": {},
  "episode_length": [
    500.0,
    500.0,
    500.0,
    500.0,
    500.0,
    500.0,
    500.0,
    500.0,
    500.0,
    500.0,
    500.0,
    500.0,
    500.0,
    500.0,
    500.0,
    500.0,
    500.0,
    500.0,
    500.0,
    500.0,
    500.0,
    500.0,
    500.0,
    500.0,
    500.0,
    500.0,
    500.0
  ],
  "rewards": [],
  "q_values": [],
  "advantages": [],
  "stage": [
    3,
    3,
    3,
    3,
    3,
    3,
    3,
    3,
    3,
    3,
    3,
    3,
    3,
    3,
    3,
    3,
    3,
    3,
    3,
    3,
    3,
    3,
    3,
    3,
    3,
    3,
    3
  ],
  "avg_reward": [
    209.64736088782297,
    320.72407138515695,
    295.16749875339906,
    284.5395209494538,
    301.05361142999294,
    297.10528096109635,
    300.7322099439005,
    284.79775095063246,
    283.8719492807866,
    265.09797376260184,
    262.1484635432321,
    227.26298763098305,
    222.42756290303373,
    207.80626458630243,
    193.22895349769556,
    174.44469625140377,
    177.63094435408158,
    192.40661553333794,
    185.7966014455513,
    193.23798157778003,
    179.86518810522978,
    180.3436014856887,
    162.80728743758814,
    133.54419950468377,
    121.94471219677585,
    94.18411141154506,
    90.1092353180311
  ],
  "avg_score": [
    0.0,
    0.047619047619047616,
    0.024390243902439025,
    0.01639344262295082,
    0.024691358024691357,
    0.02,
    0.01,
    0.01,
    0.02,
    0.01,
    0.01,
    0.01,
    0.01,
    0.0,
    0.0,
    0.0,
    0.0,
    0.0,
    0.0,
    0.0,
    0.0,
    0.0,
    0.0,
    0.0,
    0.0,
    0.0,
    0.0
  ]
}