{
  "episode": [
    1,
    101,
    201,
    301,
    400,
    401,
    501,
    601,
    701,
    801,
    901
  ],
  "step": [],
  "timestamp": [],
  "win_rate": [
    0.0,
    0.0,
    0.0,
    0.0,
    0.0,
    0.0,
    0.0,
    0.0,
    0.0,
    0.0,
    0.0
  ],
  "score": [],
  "flag_captures": [],
  "tags": [],
  "deaths": [],
  "option_usage": {},
  "option_success": {},
  "episode_length": [
    1000.0,
    1000.0,
    1000.0,
    1000.0,
    1000.0,
    1000.0,
    1000.0,
    1000.0,
    1000.0,
    1000.0,
    1000.0
  ],
  "rewards": [],
  "q_values": [],
  "advantages": [],
  "stage": [
    3,
    3,
    3,
    3,
    3,
    3,
    3,
    3,
    3,
    3,
    3
  ],
  "avg_reward": [
    92.35793240229113,
    75.78372022063446,
    68.44313384397377,
    73.07974284591894,
    189.14215560819306,
    188.97631716534133,
    178.86695483497107,
    141.95100250743494,
    108.15991490704805,
    84.45475220700105,
    99.76976114470921
  ],
  "avg_score": [
    0.0,
    0.0,
    0.0,
    0.0,
    0.02,
    0.02,
    0.0,
    0.0,
    0.0,
    0.0,
    0.0
  ]
}